{
  "num_train": 61,
  "num_val": 36,
  "weighted_f1": 0.6095638928972262,
  "macro_f1": 0.5767436267436268,
  "accuracy": 0.6388888888888888
}