{
  "summary": {
    "num_samples": 36,
    "model_type": "pose_transformer",
    "default_min_confidence": 0.4681500047445297,
    "min_margin": 0.0,
    "macro_f1_with_unknown": 0.6346153846153846,
    "unknown_rate": 0.2777777777777778
  },
  "class_scores": {
    "BAD": {
      "threshold": 0.7,
      "f0.5": 0.833333331875
    },
    "GOOD": {
      "threshold": 0.48500001430511475,
      "f0.5": 0.49999999895
    },
    "HELLO": {
      "threshold": 0.4512999951839447,
      "f0.5": 0.8333333315277778
    },
    "HELP": {
      "threshold": 0.35,
      "f0.5": 0.9090909076859504
    },
    "LOVE": {
      "threshold": 0.6,
      "f0.5": 0.9999999981999999
    },
    "NO": {
      "threshold": 0.734499990940094,
      "f0.5": 0.9999999989499999
    },
    "PLEASE": {
      "threshold": 0.6,
      "f0.5": 0.9999999988666666
    },
    "SORRY": {
      "threshold": 0.5498999953269958,
      "f0.5": 0.9090909076859504
    },
    "STOP": {
      "threshold": 0.35,
      "f0.5": 0.0
    },
    "THANK YOU": {
      "threshold": 0.3522000014781952,
      "f0.5": 0.4545454533471074
    },
    "YES": {
      "threshold": 0.35,
      "f0.5": 0.8620689646551725
    },
    "YOU": {
      "threshold": 0.35,
      "f0.5": 0.9523809512471655
    }
  }
}