{
  "BAD": {
    "precision": 0.75,
    "recall": 0.75,
    "f1-score": 0.75,
    "support": 4.0
  },
  "GOOD": {
    "precision": 0.3333333333333333,
    "recall": 0.5,
    "f1-score": 0.4,
    "support": 2.0
  },
  "HELLO": {
    "precision": 1.0,
    "recall": 1.0,
    "f1-score": 1.0,
    "support": 2.0
  },
  "HELP": {
    "precision": 1.0,
    "recall": 0.6666666666666666,
    "f1-score": 0.8,
    "support": 3.0
  },
  "LOVE": {
    "precision": 1.0,
    "recall": 1.0,
    "f1-score": 1.0,
    "support": 1.0
  },
  "NO": {
    "precision": 0.6666666666666666,
    "recall": 1.0,
    "f1-score": 0.8,
    "support": 4.0
  },
  "PLEASE": {
    "precision": 0.75,
    "recall": 1.0,
    "f1-score": 0.8571428571428571,
    "support": 3.0
  },
  "SORRY": {
    "precision": 0.6,
    "recall": 1.0,
    "f1-score": 0.75,
    "support": 3.0
  },
  "STOP": {
    "precision": 0.0,
    "recall": 0.0,
    "f1-score": 0.0,
    "support": 1.0
  },
  "THANK YOU": {
    "precision": 0.5,
    "recall": 0.3333333333333333,
    "f1-score": 0.4,
    "support": 3.0
  },
  "YES": {
    "precision": 0.75,
    "recall": 0.6,
    "f1-score": 0.6666666666666666,
    "support": 5.0
  },
  "YOU": {
    "precision": 1.0,
    "recall": 0.6,
    "f1-score": 0.75,
    "support": 5.0
  },
  "accuracy": 0.7222222222222222,
  "macro avg": {
    "precision": 0.6958333333333333,
    "recall": 0.7041666666666666,
    "f1-score": 0.6811507936507937,
    "support": 36.0
  },
  "weighted avg": {
    "precision": 0.7398148148148148,
    "recall": 0.7222222222222222,
    "f1-score": 0.7084656084656085,
    "support": 36.0
  }
}