{
  "num_samples": 36,
  "splits": [
    "test",
    "val"
  ],
  "model_type": "pose_transformer",
  "accuracy_top1": 0.7222222222222222,
  "accuracy_top3": 0.9166666666666666,
  "accuracy_top5": 0.9722222222222222,
  "macro_f1": 0.6811507936507937,
  "weighted_f1": 0.7084656084656085,
  "unknown_rate": 0.0
}