{
  "BAD": {
    "precision": 0.6666666666666666,
    "recall": 0.5,
    "f1-score": 0.5714285714285714,
    "support": 4.0
  },
  "GOOD": {
    "precision": 0.3333333333333333,
    "recall": 0.5,
    "f1-score": 0.4,
    "support": 2.0
  },
  "HELLO": {
    "precision": 1.0,
    "recall": 1.0,
    "f1-score": 1.0,
    "support": 2.0
  },
  "HELP": {
    "precision": 0.5,
    "recall": 0.3333333333333333,
    "f1-score": 0.4,
    "support": 3.0
  },
  "LOVE": {
    "precision": 0.3333333333333333,
    "recall": 1.0,
    "f1-score": 0.5,
    "support": 1.0
  },
  "NO": {
    "precision": 0.8,
    "recall": 1.0,
    "f1-score": 0.8888888888888888,
    "support": 4.0
  },
  "PLEASE": {
    "precision": 0.42857142857142855,
    "recall": 1.0,
    "f1-score": 0.6,
    "support": 3.0
  },
  "SORRY": {
    "precision": 1.0,
    "recall": 1.0,
    "f1-score": 1.0,
    "support": 3.0
  },
  "STOP": {
    "precision": 0.0,
    "recall": 0.0,
    "f1-score": 0.0,
    "support": 1.0
  },
  "THANK YOU": {
    "precision": 1.0,
    "recall": 0.3333333333333333,
    "f1-score": 0.5,
    "support": 3.0
  },
  "YES": {
    "precision": 0.6666666666666666,
    "recall": 0.8,
    "f1-score": 0.7272727272727273,
    "support": 5.0
  },
  "YOU": {
    "precision": 1.0,
    "recall": 0.2,
    "f1-score": 0.3333333333333333,
    "support": 5.0
  },
  "accuracy": 0.6388888888888888,
  "macro avg": {
    "precision": 0.6440476190476191,
    "recall": 0.6388888888888888,
    "f1-score": 0.5767436267436268,
    "support": 36.0
  },
  "weighted avg": {
    "precision": 0.7218253968253968,
    "recall": 0.6388888888888888,
    "f1-score": 0.6095638928972262,
    "support": 36.0
  }
}